n_id	n_wave_id	n_wave_type	n_monster_id	s_born_position	s_hp_lost	s_hp_tips	s_use_player_skin	s_maxHpPct	s_hpRegen	s_attDamagePct	s_defDamagePct	s_attDominantPct
序号	波数id	波数类型，1为怪物 2为boss	怪物id	出生点(x1#y1#z1)	血量损耗	血量损耗触发多语言	最终boss	生命值	生命恢复速度	攻击力	防御值	霸气
1	10001	1	1001001	1.562#-28.605#-42.141				1#2		0.3#0.6		
2	10002	1	1001002	-36.133#-28.605#-22.047				1#2		0.3#0.6		
3	10002	1	1001002	-36.133#-28.605#10.696				1#2		0.3#0.6		
4	10002	1	1001002	21.303#-28.605#1.483				1#2		0.3#0.6		
5	10002	1	1001002	21.303#-28.605#-31.942				1#2		0.3#0.6		
6	10003	1	1001002	-36.133#-28.605#-22.047				1#2		0.3#0.6		
7	10003	1	1001002	-36.133#-28.605#10.696				1#2		0.3#0.6		
8	10003	1	1001002	21.303#-28.605#1.483				1#2		0.3#0.6		
9	10003	1	1001002	21.303#-28.605#-31.942				1#2		0.3#0.6		
10	10004	1	1001002	-36.133#-28.605#-22.047				1#2		0.3#0.6		
11	10004	1	1001002	-36.133#-28.605#10.696				1#2		0.3#0.6		
12	10004	1	1001002	21.303#-28.605#1.483				1#2		0.3#0.6		
13	10004	1	1001002	21.303#-28.605#-31.942				1#2		0.3#0.6		
14	10005	1	1001002	-36.133#-28.605#-22.047				1#2		0.3#0.6		
15	10005	1	1001002	-36.133#-28.605#10.696				1#2		0.3#0.6		
16	10005	1	1001002	21.303#-28.605#1.483				1#2		0.3#0.6		
17	10005	1	1001002	21.303#-28.605#-31.942				1#2		0.3#0.6		
18	10006	1	1001002	-36.133#-28.605#-22.047				1#2		0.3#0.6		
19	10006	1	1001002	-36.133#-28.605#10.696				1#2		0.3#0.6		
20	10006	1	1001002	21.303#-28.605#1.483				1#2		0.3#0.6		
21	10006	1	1001002	21.303#-28.605#-31.942				1#2		0.3#0.6		
22	10007	1	1001003	1.562#-28.605#-42.141				1#2		0.3#0.6		
23	10008	1	1001004	-36.133#-28.605#-22.047				1#2		0.3#0.6		
24	10008	1	1001004	-36.133#-28.605#10.696				1#2		0.3#0.6		
25	10008	1	1001004	21.303#-28.605#1.483				1#2		0.3#0.6		
26	10008	1	1001004	21.303#-28.605#-31.942				1#2		0.3#0.6		
27	10009	1	1001004	-36.133#-28.605#-22.047				1#2		0.3#0.6		
28	10009	1	1001004	-36.133#-28.605#10.696				1#2		0.3#0.6		
29	10009	1	1001004	21.303#-28.605#1.483				1#2		0.3#0.6		
30	10009	1	1001004	21.303#-28.605#-31.942				1#2		0.3#0.6		
31	10010	1	1001004	-36.133#-28.605#-22.047				1#2		0.3#0.6		
32	10010	1	1001004	-36.133#-28.605#10.696				1#2		0.3#0.6		
33	10010	1	1001004	21.303#-28.605#1.483				1#2		0.3#0.6		
34	10010	1	1001004	21.303#-28.605#-31.942				1#2		0.3#0.6		
35	10011	1	1001004	-36.133#-28.605#-22.047				1#2		0.3#0.6		
36	10011	1	1001004	-36.133#-28.605#10.696				1#2		0.3#0.6		
37	10011	1	1001004	21.303#-28.605#1.483				1#2		0.3#0.6		
38	10011	1	1001004	21.303#-28.605#-31.942				1#2		0.3#0.6		
39	10012	1	1001004	-36.133#-28.605#-22.047				1#2		0.3#0.6		
40	10012	1	1001004	-36.133#-28.605#10.696				1#2		0.3#0.6		
41	10012	1	1001004	21.303#-28.605#1.483				1#2		0.3#0.6		
42	10012	1	1001004	21.303#-28.605#-31.942				1#2		0.3#0.6		
43	10013	1	1001005	1.562#-28.605#-42.141			1	1#2		0.3#0.6		
44	11001	1	1002001	1.562#-28.605#-42.141				1#2		0.3#0.6		
45	11002	1	1002002	-36.133#-28.605#-22.047				1#2		0.3#0.6		
46	11002	1	1002002	-36.133#-28.605#10.696				1#2		0.3#0.6		
47	11002	1	1002002	21.303#-28.605#1.483				1#2		0.3#0.6		
48	11002	1	1002002	21.303#-28.605#-31.942				1#2		0.3#0.6		
49	11003	1	1002002	-36.133#-28.605#-22.047				1#2		0.3#0.6		
50	11003	1	1002002	-36.133#-28.605#10.696				1#2		0.3#0.6		
51	11003	1	1002002	21.303#-28.605#1.483				1#2		0.3#0.6		
52	11003	1	1002002	21.303#-28.605#-31.942				1#2		0.3#0.6		
53	11004	1	1002002	-36.133#-28.605#-22.047				1#2		0.3#0.6		
54	11004	1	1002002	-36.133#-28.605#10.696				1#2		0.3#0.6		
55	11004	1	1002002	21.303#-28.605#1.483				1#2		0.3#0.6		
56	11004	1	1002002	21.303#-28.605#-31.942				1#2		0.3#0.6		
57	11005	1	1002002	-36.133#-28.605#-22.047				1#2		0.3#0.6		
58	11005	1	1002002	-36.133#-28.605#10.696				1#2		0.3#0.6		
59	11005	1	1002002	21.303#-28.605#1.483				1#2		0.3#0.6		
60	11005	1	1002002	21.303#-28.605#-31.942				1#2		0.3#0.6		
61	11006	1	1002002	-36.133#-28.605#-22.047				1#2		0.3#0.6		
62	11006	1	1002002	-36.133#-28.605#10.696				1#2		0.3#0.6		
63	11006	1	1002002	21.303#-28.605#1.483				1#2		0.3#0.6		
64	11006	1	1002002	21.303#-28.605#-31.942				1#2		0.3#0.6		
65	11007	1	1002003	1.562#-28.605#-42.141				1#2		0.3#0.6		
66	11008	1	1002004	-36.133#-28.605#-22.047				1#2		0.3#0.6		
67	11008	1	1002004	-36.133#-28.605#10.696				1#2		0.3#0.6		
68	11008	1	1002004	21.303#-28.605#1.483				1#2		0.3#0.6		
69	11008	1	1002004	21.303#-28.605#-31.942				1#2		0.3#0.6		
70	11009	1	1002004	-36.133#-28.605#-22.047				1#2		0.3#0.6		
71	11009	1	1002004	-36.133#-28.605#10.696				1#2		0.3#0.6		
72	11009	1	1002004	21.303#-28.605#1.483				1#2		0.3#0.6		
73	11009	1	1002004	21.303#-28.605#-31.942				1#2		0.3#0.6		
74	11010	1	1002004	-36.133#-28.605#-22.047				1#2		0.3#0.6		
75	11010	1	1002004	-36.133#-28.605#10.696				1#2		0.3#0.6		
76	11010	1	1002004	21.303#-28.605#1.483				1#2		0.3#0.6		
77	11010	1	1002004	21.303#-28.605#-31.942				1#2		0.3#0.6		
78	11011	1	1002004	-36.133#-28.605#-22.047				1#2		0.3#0.6		
79	11011	1	1002004	-36.133#-28.605#10.696				1#2		0.3#0.6		
80	11011	1	1002004	21.303#-28.605#1.483				1#2		0.3#0.6		
81	11011	1	1002004	21.303#-28.605#-31.942				1#2		0.3#0.6		
82	11012	1	1002004	-36.133#-28.605#-22.047				1#2		0.3#0.6		
83	11012	1	1002004	-36.133#-28.605#10.696				1#2		0.3#0.6		
84	11012	1	1002004	21.303#-28.605#1.483				1#2		0.3#0.6		
85	11012	1	1002004	21.303#-28.605#-31.942				1#2		0.3#0.6		
86	11013	1	1002005	1.562#-28.605#-42.141			1	1#2		0.3#0.6		
87	12001	1	1003001	1.562#-28.605#-42.141				1#2		0.3#0.6		
88	12002	1	1003002	-36.133#-28.605#-22.047				1#2		0.3#0.6		
89	12002	1	1003002	-36.133#-28.605#10.696				1#2		0.3#0.6		
90	12002	1	1003002	21.303#-28.605#1.483				1#2		0.3#0.6		
91	12002	1	1003002	21.303#-28.605#-31.942				1#2		0.3#0.6		
92	12003	1	1003002	-36.133#-28.605#-22.047				1#2		0.3#0.6		
93	12003	1	1003002	-36.133#-28.605#10.696				1#2		0.3#0.6		
94	12003	1	1003002	21.303#-28.605#1.483				1#2		0.3#0.6		
95	12003	1	1003002	21.303#-28.605#-31.942				1#2		0.3#0.6		
96	12004	1	1003002	-36.133#-28.605#-22.047				1#2		0.3#0.6		
97	12004	1	1003002	-36.133#-28.605#10.696				1#2		0.3#0.6		
98	12004	1	1003002	21.303#-28.605#1.483				1#2		0.3#0.6		
99	12004	1	1003002	21.303#-28.605#-31.942				1#2		0.3#0.6		
100	12005	1	1003002	-36.133#-28.605#-22.047				1#2		0.3#0.6		
101	12005	1	1003002	-36.133#-28.605#10.696				1#2		0.3#0.6		
102	12005	1	1003002	21.303#-28.605#1.483				1#2		0.3#0.6		
103	12005	1	1003002	21.303#-28.605#-31.942				1#2		0.3#0.6		
104	12006	1	1003002	-36.133#-28.605#-22.047				1#2		0.3#0.6		
105	12006	1	1003002	-36.133#-28.605#10.696				1#2		0.3#0.6		
106	12006	1	1003002	21.303#-28.605#1.483				1#2		0.3#0.6		
107	12006	1	1003002	21.303#-28.605#-31.942				1#2		0.3#0.6		
108	12007	1	1003003	1.562#-28.605#-42.141				1#2		0.3#0.6		
109	12008	1	1003004	-36.133#-28.605#-22.047				1#2		0.3#0.6		
110	12008	1	1003004	-36.133#-28.605#10.696				1#2		0.3#0.6		
111	12008	1	1003004	21.303#-28.605#1.483				1#2		0.3#0.6		
112	12008	1	1003004	21.303#-28.605#-31.942				1#2		0.3#0.6		
113	12009	1	1003004	-36.133#-28.605#-22.047				1#2		0.3#0.6		
114	12009	1	1003004	-36.133#-28.605#10.696				1#2		0.3#0.6		
115	12009	1	1003004	21.303#-28.605#1.483				1#2		0.3#0.6		
116	12009	1	1003004	21.303#-28.605#-31.942				1#2		0.3#0.6		
117	12010	1	1003004	-36.133#-28.605#-22.047				1#2		0.3#0.6		
118	12010	1	1003004	-36.133#-28.605#10.696				1#2		0.3#0.6		
119	12010	1	1003004	21.303#-28.605#1.483				1#2		0.3#0.6		
120	12010	1	1003004	21.303#-28.605#-31.942				1#2		0.3#0.6		
121	12011	1	1003004	-36.133#-28.605#-22.047				1#2		0.3#0.6		
122	12011	1	1003004	-36.133#-28.605#10.696				1#2		0.3#0.6		
123	12011	1	1003004	21.303#-28.605#1.483				1#2		0.3#0.6		
124	12011	1	1003004	21.303#-28.605#-31.942				1#2		0.3#0.6		
125	12012	1	1003004	-36.133#-28.605#-22.047				1#2		0.3#0.6		
126	12012	1	1003004	-36.133#-28.605#10.696				1#2		0.3#0.6		
127	12012	1	1003004	21.303#-28.605#1.483				1#2		0.3#0.6		
128	12012	1	1003004	21.303#-28.605#-31.942				1#2		0.3#0.6		
129	12013	1	1003005	1.562#-28.605#-42.141			1	1#2		0.3#0.6		
130	13001	1	1004001	1.562#-28.605#-42.141				1#2		0.3#0.6		
131	13002	1	1004002	-36.133#-28.605#-22.047				1#2		0.3#0.6		
132	13002	1	1004002	-36.133#-28.605#10.696				1#2		0.3#0.6		
133	13002	1	1004002	21.303#-28.605#1.483				1#2		0.3#0.6		
134	13002	1	1004002	21.303#-28.605#-31.942				1#2		0.3#0.6		
135	13003	1	1004002	-36.133#-28.605#-22.047				1#2		0.3#0.6		
136	13003	1	1004002	-36.133#-28.605#10.696				1#2		0.3#0.6		
137	13003	1	1004002	21.303#-28.605#1.483				1#2		0.3#0.6		
138	13003	1	1004002	21.303#-28.605#-31.942				1#2		0.3#0.6		
139	13004	1	1004002	-36.133#-28.605#-22.047				1#2		0.3#0.6		
140	13004	1	1004002	-36.133#-28.605#10.696				1#2		0.3#0.6		
141	13004	1	1004002	21.303#-28.605#1.483				1#2		0.3#0.6		
142	13004	1	1004002	21.303#-28.605#-31.942				1#2		0.3#0.6		
143	13005	1	1004002	-36.133#-28.605#-22.047				1#2		0.3#0.6		
144	13005	1	1004002	-36.133#-28.605#10.696				1#2		0.3#0.6		
145	13005	1	1004002	21.303#-28.605#1.483				1#2		0.3#0.6		
146	13005	1	1004002	21.303#-28.605#-31.942				1#2		0.3#0.6		
147	13006	1	1004002	-36.133#-28.605#-22.047				1#2		0.3#0.6		
148	13006	1	1004002	-36.133#-28.605#10.696				1#2		0.3#0.6		
149	13006	1	1004002	21.303#-28.605#1.483				1#2		0.3#0.6		
150	13006	1	1004002	21.303#-28.605#-31.942				1#2		0.3#0.6		
151	13007	1	1004003	1.562#-28.605#-42.141				1#2		0.3#0.6		
152	13008	1	1004004	-36.133#-28.605#-22.047				1#2		0.3#0.6		
153	13008	1	1004004	-36.133#-28.605#10.696				1#2		0.3#0.6		
154	13008	1	1004004	21.303#-28.605#1.483				1#2		0.3#0.6		
155	13008	1	1004004	21.303#-28.605#-31.942				1#2		0.3#0.6		
156	13009	1	1004004	-36.133#-28.605#-22.047				1#2		0.3#0.6		
157	13009	1	1004004	-36.133#-28.605#10.696				1#2		0.3#0.6		
158	13009	1	1004004	21.303#-28.605#1.483				1#2		0.3#0.6		
159	13009	1	1004004	21.303#-28.605#-31.942				1#2		0.3#0.6		
160	13010	1	1004004	-36.133#-28.605#-22.047				1#2		0.3#0.6		
161	13010	1	1004004	-36.133#-28.605#10.696				1#2		0.3#0.6		
162	13010	1	1004004	21.303#-28.605#1.483				1#2		0.3#0.6		
163	13010	1	1004004	21.303#-28.605#-31.942				1#2		0.3#0.6		
164	13011	1	1004004	-36.133#-28.605#-22.047				1#2		0.3#0.6		
165	13011	1	1004004	-36.133#-28.605#10.696				1#2		0.3#0.6		
166	13011	1	1004004	21.303#-28.605#1.483				1#2		0.3#0.6		
167	13011	1	1004004	21.303#-28.605#-31.942				1#2		0.3#0.6		
168	13012	1	1004004	-36.133#-28.605#-22.047				1#2		0.3#0.6		
169	13012	1	1004004	-36.133#-28.605#10.696				1#2		0.3#0.6		
170	13012	1	1004004	21.303#-28.605#1.483				1#2		0.3#0.6		
171	13012	1	1004004	21.303#-28.605#-31.942				1#2		0.3#0.6		
172	13013	1	1004005	1.562#-28.605#-42.141			1	1#2		0.3#0.6		
173	14001	1	1005001	1.562#-28.605#-42.141				1#2		0.3#0.6		
174	14002	1	1005002	-36.133#-28.605#-22.047				1#2		0.3#0.6		
175	14002	1	1005002	-36.133#-28.605#10.696				1#2		0.3#0.6		
176	14002	1	1005002	21.303#-28.605#1.483				1#2		0.3#0.6		
177	14002	1	1005002	21.303#-28.605#-31.942				1#2		0.3#0.6		
178	14003	1	1005002	-36.133#-28.605#-22.047				1#2		0.3#0.6		
179	14003	1	1005002	-36.133#-28.605#10.696				1#2		0.3#0.6		
180	14003	1	1005002	21.303#-28.605#1.483				1#2		0.3#0.6		
181	14003	1	1005002	21.303#-28.605#-31.942				1#2		0.3#0.6		
182	14004	1	1005002	-36.133#-28.605#-22.047				1#2		0.3#0.6		
183	14004	1	1005002	-36.133#-28.605#10.696				1#2		0.3#0.6		
184	14004	1	1005002	21.303#-28.605#1.483				1#2		0.3#0.6		
185	14004	1	1005002	21.303#-28.605#-31.942				1#2		0.3#0.6		
186	14005	1	1005002	-36.133#-28.605#-22.047				1#2		0.3#0.6		
187	14005	1	1005002	-36.133#-28.605#10.696				1#2		0.3#0.6		
188	14005	1	1005002	21.303#-28.605#1.483				1#2		0.3#0.6		
189	14005	1	1005002	21.303#-28.605#-31.942				1#2		0.3#0.6		
190	14006	1	1005002	-36.133#-28.605#-22.047				1#2		0.3#0.6		
191	14006	1	1005002	-36.133#-28.605#10.696				1#2		0.3#0.6		
192	14006	1	1005002	21.303#-28.605#1.483				1#2		0.3#0.6		
193	14006	1	1005002	21.303#-28.605#-31.942				1#2		0.3#0.6		
194	14007	1	1005003	1.562#-28.605#-42.141				1#2		0.3#0.6		
195	14008	1	1005004	-36.133#-28.605#-22.047				1#2		0.3#0.6		
196	14008	1	1005004	-36.133#-28.605#10.696				1#2		0.3#0.6		
197	14008	1	1005004	21.303#-28.605#1.483				1#2		0.3#0.6		
198	14008	1	1005004	21.303#-28.605#-31.942				1#2		0.3#0.6		
199	14009	1	1005004	-36.133#-28.605#-22.047				1#2		0.3#0.6		
200	14009	1	1005004	-36.133#-28.605#10.696				1#2		0.3#0.6		
201	14009	1	1005004	21.303#-28.605#1.483				1#2		0.3#0.6		
202	14009	1	1005004	21.303#-28.605#-31.942				1#2		0.3#0.6		
203	14010	1	1005004	-36.133#-28.605#-22.047				1#2		0.3#0.6		
204	14010	1	1005004	-36.133#-28.605#10.696				1#2		0.3#0.6		
205	14010	1	1005004	21.303#-28.605#1.483				1#2		0.3#0.6		
206	14010	1	1005004	21.303#-28.605#-31.942				1#2		0.3#0.6		
207	14011	1	1005004	-36.133#-28.605#-22.047				1#2		0.3#0.6		
208	14011	1	1005004	-36.133#-28.605#10.696				1#2		0.3#0.6		
209	14011	1	1005004	21.303#-28.605#1.483				1#2		0.3#0.6		
210	14011	1	1005004	21.303#-28.605#-31.942				1#2		0.3#0.6		
211	14012	1	1005004	-36.133#-28.605#-22.047				1#2		0.3#0.6		
212	14012	1	1005004	-36.133#-28.605#10.696				1#2		0.3#0.6		
213	14012	1	1005004	21.303#-28.605#1.483				1#2		0.3#0.6		
214	14012	1	1005004	21.303#-28.605#-31.942				1#2		0.3#0.6		
215	14013	1	1005005	1.562#-28.605#-42.141			1	1#2		0.3#0.6		
216	15001	1	1006001	1.562#-28.605#-42.141				1#2		0.3#0.6		
217	15002	1	1006002	-36.133#-28.605#-22.047				1#2		0.3#0.6		
218	15002	1	1006002	-36.133#-28.605#10.696				1#2		0.3#0.6		
219	15002	1	1006002	21.303#-28.605#1.483				1#2		0.3#0.6		
220	15002	1	1006002	21.303#-28.605#-31.942				1#2		0.3#0.6		
221	15003	1	1006002	-36.133#-28.605#-22.047				1#2		0.3#0.6		
222	15003	1	1006002	-36.133#-28.605#10.696				1#2		0.3#0.6		
223	15003	1	1006002	21.303#-28.605#1.483				1#2		0.3#0.6		
224	15003	1	1006002	21.303#-28.605#-31.942				1#2		0.3#0.6		
225	15004	1	1006002	-36.133#-28.605#-22.047				1#2		0.3#0.6		
226	15004	1	1006002	-36.133#-28.605#10.696				1#2		0.3#0.6		
227	15004	1	1006002	21.303#-28.605#1.483				1#2		0.3#0.6		
228	15004	1	1006002	21.303#-28.605#-31.942				1#2		0.3#0.6		
229	15005	1	1006002	-36.133#-28.605#-22.047				1#2		0.3#0.6		
230	15005	1	1006002	-36.133#-28.605#10.696				1#2		0.3#0.6		
231	15005	1	1006002	21.303#-28.605#1.483				1#2		0.3#0.6		
232	15005	1	1006002	21.303#-28.605#-31.942				1#2		0.3#0.6		
233	15006	1	1006002	-36.133#-28.605#-22.047				1#2		0.3#0.6		
234	15006	1	1006002	-36.133#-28.605#10.696				1#2		0.3#0.6		
235	15006	1	1006002	21.303#-28.605#1.483				1#2		0.3#0.6		
236	15006	1	1006002	21.303#-28.605#-31.942				1#2		0.3#0.6		
237	15007	1	1006003	1.562#-28.605#-42.141				1#2		0.3#0.6		
238	15008	1	1006004	-36.133#-28.605#-22.047				1#2		0.3#0.6		
239	15008	1	1006004	-36.133#-28.605#10.696				1#2		0.3#0.6		
240	15008	1	1006004	21.303#-28.605#1.483				1#2		0.3#0.6		
241	15008	1	1006004	21.303#-28.605#-31.942				1#2		0.3#0.6		
242	15009	1	1006004	-36.133#-28.605#-22.047				1#2		0.3#0.6		
243	15009	1	1006004	-36.133#-28.605#10.696				1#2		0.3#0.6		
244	15009	1	1006004	21.303#-28.605#1.483				1#2		0.3#0.6		
245	15009	1	1006004	21.303#-28.605#-31.942				1#2		0.3#0.6		
246	15010	1	1006004	-36.133#-28.605#-22.047				1#2		0.3#0.6		
247	15010	1	1006004	-36.133#-28.605#10.696				1#2		0.3#0.6		
248	15010	1	1006004	21.303#-28.605#1.483				1#2		0.3#0.6		
249	15010	1	1006004	21.303#-28.605#-31.942				1#2		0.3#0.6		
250	15011	1	1006004	-36.133#-28.605#-22.047				1#2		0.3#0.6		
251	15011	1	1006004	-36.133#-28.605#10.696				1#2		0.3#0.6		
252	15011	1	1006004	21.303#-28.605#1.483				1#2		0.3#0.6		
253	15011	1	1006004	21.303#-28.605#-31.942				1#2		0.3#0.6		
254	15012	1	1006004	-36.133#-28.605#-22.047				1#2		0.3#0.6		
255	15012	1	1006004	-36.133#-28.605#10.696				1#2		0.3#0.6		
256	15012	1	1006004	21.303#-28.605#1.483				1#2		0.3#0.6		
257	15012	1	1006004	21.303#-28.605#-31.942				1#2		0.3#0.6		
258	15013	1	1006005	1.562#-28.605#-42.141			1	1#2		0.3#0.6		
259	16001	1	1007001	1.562#-28.605#-42.141				1#2		0.3#0.6		
260	16002	1	1007002	-36.133#-28.605#-22.047				1#2		0.3#0.6		
261	16002	1	1007002	-36.133#-28.605#10.696				1#2		0.3#0.6		
262	16002	1	1007002	21.303#-28.605#1.483				1#2		0.3#0.6		
263	16002	1	1007002	21.303#-28.605#-31.942				1#2		0.3#0.6		
264	16003	1	1007002	-36.133#-28.605#-22.047				1#2		0.3#0.6		
265	16003	1	1007002	-36.133#-28.605#10.696				1#2		0.3#0.6		
266	16003	1	1007002	21.303#-28.605#1.483				1#2		0.3#0.6		
267	16003	1	1007002	21.303#-28.605#-31.942				1#2		0.3#0.6		
268	16004	1	1007002	-36.133#-28.605#-22.047				1#2		0.3#0.6		
269	16004	1	1007002	-36.133#-28.605#10.696				1#2		0.3#0.6		
270	16004	1	1007002	21.303#-28.605#1.483				1#2		0.3#0.6		
271	16004	1	1007002	21.303#-28.605#-31.942				1#2		0.3#0.6		
272	16005	1	1007002	-36.133#-28.605#-22.047				1#2		0.3#0.6		
273	16005	1	1007002	-36.133#-28.605#10.696				1#2		0.3#0.6		
274	16005	1	1007002	21.303#-28.605#1.483				1#2		0.3#0.6		
275	16005	1	1007002	21.303#-28.605#-31.942				1#2		0.3#0.6		
276	16006	1	1007002	-36.133#-28.605#-22.047				1#2		0.3#0.6		
277	16006	1	1007002	-36.133#-28.605#10.696				1#2		0.3#0.6		
278	16006	1	1007002	21.303#-28.605#1.483				1#2		0.3#0.6		
279	16006	1	1007002	21.303#-28.605#-31.942				1#2		0.3#0.6		
280	16007	1	1007003	1.562#-28.605#-42.141				1#2		0.3#0.6		
281	16008	1	1007004	-36.133#-28.605#-22.047				1#2		0.3#0.6		
282	16008	1	1007004	-36.133#-28.605#10.696				1#2		0.3#0.6		
283	16008	1	1007004	21.303#-28.605#1.483				1#2		0.3#0.6		
284	16008	1	1007004	21.303#-28.605#-31.942				1#2		0.3#0.6		
285	16009	1	1007004	-36.133#-28.605#-22.047				1#2		0.3#0.6		
286	16009	1	1007004	-36.133#-28.605#10.696				1#2		0.3#0.6		
287	16009	1	1007004	21.303#-28.605#1.483				1#2		0.3#0.6		
288	16009	1	1007004	21.303#-28.605#-31.942				1#2		0.3#0.6		
289	16010	1	1007004	-36.133#-28.605#-22.047				1#2		0.3#0.6		
290	16010	1	1007004	-36.133#-28.605#10.696				1#2		0.3#0.6		
291	16010	1	1007004	21.303#-28.605#1.483				1#2		0.3#0.6		
292	16010	1	1007004	21.303#-28.605#-31.942				1#2		0.3#0.6		
293	16011	1	1007004	-36.133#-28.605#-22.047				1#2		0.3#0.6		
294	16011	1	1007004	-36.133#-28.605#10.696				1#2		0.3#0.6		
295	16011	1	1007004	21.303#-28.605#1.483				1#2		0.3#0.6		
296	16011	1	1007004	21.303#-28.605#-31.942				1#2		0.3#0.6		
297	16012	1	1007004	-36.133#-28.605#-22.047				1#2		0.3#0.6		
298	16012	1	1007004	-36.133#-28.605#10.696				1#2		0.3#0.6		
299	16012	1	1007004	21.303#-28.605#1.483				1#2		0.3#0.6		
300	16012	1	1007004	21.303#-28.605#-31.942				1#2		0.3#0.6		
301	16013	1	1007005	1.562#-28.605#-42.141			1	1#2		0.3#0.6		
302	17001	1	1008001	1.562#-28.605#-42.141				1#2		0.3#0.6		
303	17002	1	1008002	-36.133#-28.605#-22.047				1#2		0.3#0.6		
304	17002	1	1008002	-36.133#-28.605#10.696				1#2		0.3#0.6		
305	17002	1	1008002	21.303#-28.605#1.483				1#2		0.3#0.6		
306	17002	1	1008002	21.303#-28.605#-31.942				1#2		0.3#0.6		
307	17003	1	1008002	-36.133#-28.605#-22.047				1#2		0.3#0.6		
308	17003	1	1008002	-36.133#-28.605#10.696				1#2		0.3#0.6		
309	17003	1	1008002	21.303#-28.605#1.483				1#2		0.3#0.6		
310	17003	1	1008002	21.303#-28.605#-31.942				1#2		0.3#0.6		
311	17004	1	1008002	-36.133#-28.605#-22.047				1#2		0.3#0.6		
312	17004	1	1008002	-36.133#-28.605#10.696				1#2		0.3#0.6		
313	17004	1	1008002	21.303#-28.605#1.483				1#2		0.3#0.6		
314	17004	1	1008002	21.303#-28.605#-31.942				1#2		0.3#0.6		
315	17005	1	1008002	-36.133#-28.605#-22.047				1#2		0.3#0.6		
316	17005	1	1008002	-36.133#-28.605#10.696				1#2		0.3#0.6		
317	17005	1	1008002	21.303#-28.605#1.483				1#2		0.3#0.6		
318	17005	1	1008002	21.303#-28.605#-31.942				1#2		0.3#0.6		
319	17006	1	1008002	-36.133#-28.605#-22.047				1#2		0.3#0.6		
320	17006	1	1008002	-36.133#-28.605#10.696				1#2		0.3#0.6		
321	17006	1	1008002	21.303#-28.605#1.483				1#2		0.3#0.6		
322	17006	1	1008002	21.303#-28.605#-31.942				1#2		0.3#0.6		
323	17007	1	1008003	1.562#-28.605#-42.141				1#2		0.3#0.6		
324	17008	1	1008004	-36.133#-28.605#-22.047				1#2		0.3#0.6		
325	17008	1	1008004	-36.133#-28.605#10.696				1#2		0.3#0.6		
326	17008	1	1008004	21.303#-28.605#1.483				1#2		0.3#0.6		
327	17008	1	1008004	21.303#-28.605#-31.942				1#2		0.3#0.6		
328	17009	1	1008004	-36.133#-28.605#-22.047				1#2		0.3#0.6		
329	17009	1	1008004	-36.133#-28.605#10.696				1#2		0.3#0.6		
330	17009	1	1008004	21.303#-28.605#1.483				1#2		0.3#0.6		
331	17009	1	1008004	21.303#-28.605#-31.942				1#2		0.3#0.6		
332	17010	1	1008004	-36.133#-28.605#-22.047				1#2		0.3#0.6		
333	17010	1	1008004	-36.133#-28.605#10.696				1#2		0.3#0.6		
334	17010	1	1008004	21.303#-28.605#1.483				1#2		0.3#0.6		
335	17010	1	1008004	21.303#-28.605#-31.942				1#2		0.3#0.6		
336	17011	1	1008004	-36.133#-28.605#-22.047				1#2		0.3#0.6		
337	17011	1	1008004	-36.133#-28.605#10.696				1#2		0.3#0.6		
338	17011	1	1008004	21.303#-28.605#1.483				1#2		0.3#0.6		
339	17011	1	1008004	21.303#-28.605#-31.942				1#2		0.3#0.6		
340	17012	1	1008004	-36.133#-28.605#-22.047				1#2		0.3#0.6		
341	17012	1	1008004	-36.133#-28.605#10.696				1#2		0.3#0.6		
342	17012	1	1008004	21.303#-28.605#1.483				1#2		0.3#0.6		
343	17012	1	1008004	21.303#-28.605#-31.942				1#2		0.3#0.6		
344	17013	1	1008005	1.562#-28.605#-42.141			1	1#2		0.3#0.6		
345	18001	1	1009001	1.562#-28.605#-42.141				1#2		0.3#0.6		
346	18002	1	1009002	-36.133#-28.605#-22.047				1#2		0.3#0.6		
347	18002	1	1009002	-36.133#-28.605#10.696				1#2		0.3#0.6		
348	18002	1	1009002	21.303#-28.605#1.483				1#2		0.3#0.6		
349	18002	1	1009002	21.303#-28.605#-31.942				1#2		0.3#0.6		
350	18003	1	1009002	-36.133#-28.605#-22.047				1#2		0.3#0.6		
351	18003	1	1009002	-36.133#-28.605#10.696				1#2		0.3#0.6		
352	18003	1	1009002	21.303#-28.605#1.483				1#2		0.3#0.6		
353	18003	1	1009002	21.303#-28.605#-31.942				1#2		0.3#0.6		
354	18004	1	1009002	-36.133#-28.605#-22.047				1#2		0.3#0.6		
355	18004	1	1009002	-36.133#-28.605#10.696				1#2		0.3#0.6		
356	18004	1	1009002	21.303#-28.605#1.483				1#2		0.3#0.6		
357	18004	1	1009002	21.303#-28.605#-31.942				1#2		0.3#0.6		
358	18005	1	1009002	-36.133#-28.605#-22.047				1#2		0.3#0.6		
359	18005	1	1009002	-36.133#-28.605#10.696				1#2		0.3#0.6		
360	18005	1	1009002	21.303#-28.605#1.483				1#2		0.3#0.6		
361	18005	1	1009002	21.303#-28.605#-31.942				1#2		0.3#0.6		
362	18006	1	1009002	-36.133#-28.605#-22.047				1#2		0.3#0.6		
363	18006	1	1009002	-36.133#-28.605#10.696				1#2		0.3#0.6		
364	18006	1	1009002	21.303#-28.605#1.483				1#2		0.3#0.6		
365	18006	1	1009002	21.303#-28.605#-31.942				1#2		0.3#0.6		
366	18007	1	1009003	1.562#-28.605#-42.141				1#2		0.3#0.6		
367	18008	1	1009004	-36.133#-28.605#-22.047				1#2		0.3#0.6		
368	18008	1	1009004	-36.133#-28.605#10.696				1#2		0.3#0.6		
369	18008	1	1009004	21.303#-28.605#1.483				1#2		0.3#0.6		
370	18008	1	1009004	21.303#-28.605#-31.942				1#2		0.3#0.6		
371	18009	1	1009004	-36.133#-28.605#-22.047				1#2		0.3#0.6		
372	18009	1	1009004	-36.133#-28.605#10.696				1#2		0.3#0.6		
373	18009	1	1009004	21.303#-28.605#1.483				1#2		0.3#0.6		
374	18009	1	1009004	21.303#-28.605#-31.942				1#2		0.3#0.6		
375	18010	1	1009004	-36.133#-28.605#-22.047				1#2		0.3#0.6		
376	18010	1	1009004	-36.133#-28.605#10.696				1#2		0.3#0.6		
377	18010	1	1009004	21.303#-28.605#1.483				1#2		0.3#0.6		
378	18010	1	1009004	21.303#-28.605#-31.942				1#2		0.3#0.6		
379	18011	1	1009004	-36.133#-28.605#-22.047				1#2		0.3#0.6		
380	18011	1	1009004	-36.133#-28.605#10.696				1#2		0.3#0.6		
381	18011	1	1009004	21.303#-28.605#1.483				1#2		0.3#0.6		
382	18011	1	1009004	21.303#-28.605#-31.942				1#2		0.3#0.6		
383	18012	1	1009004	-36.133#-28.605#-22.047				1#2		0.3#0.6		
384	18012	1	1009004	-36.133#-28.605#10.696				1#2		0.3#0.6		
385	18012	1	1009004	21.303#-28.605#1.483				1#2		0.3#0.6		
386	18012	1	1009004	21.303#-28.605#-31.942				1#2		0.3#0.6		
387	18013	1	1009005	1.562#-28.605#-42.141			1	1#2		0.3#0.6		
388	19001	1	1010001	1.562#-28.605#-42.141				1#2		0.3#0.6		
389	19002	1	1010002	-36.133#-28.605#-22.047				1#2		0.3#0.6		
390	19002	1	1010002	-36.133#-28.605#10.696				1#2		0.3#0.6		
391	19002	1	1010002	21.303#-28.605#1.483				1#2		0.3#0.6		
392	19002	1	1010002	21.303#-28.605#-31.942				1#2		0.3#0.6		
393	19003	1	1010002	-36.133#-28.605#-22.047				1#2		0.3#0.6		
394	19003	1	1010002	-36.133#-28.605#10.696				1#2		0.3#0.6		
395	19003	1	1010002	21.303#-28.605#1.483				1#2		0.3#0.6		
396	19003	1	1010002	21.303#-28.605#-31.942				1#2		0.3#0.6		
397	19004	1	1010002	-36.133#-28.605#-22.047				1#2		0.3#0.6		
398	19004	1	1010002	-36.133#-28.605#10.696				1#2		0.3#0.6		
399	19004	1	1010002	21.303#-28.605#1.483				1#2		0.3#0.6		
400	19004	1	1010002	21.303#-28.605#-31.942				1#2		0.3#0.6		
401	19005	1	1010002	-36.133#-28.605#-22.047				1#2		0.3#0.6		
402	19005	1	1010002	-36.133#-28.605#10.696				1#2		0.3#0.6		
403	19005	1	1010002	21.303#-28.605#1.483				1#2		0.3#0.6		
404	19005	1	1010002	21.303#-28.605#-31.942				1#2		0.3#0.6		
405	19006	1	1010002	-36.133#-28.605#-22.047				1#2		0.3#0.6		
406	19006	1	1010002	-36.133#-28.605#10.696				1#2		0.3#0.6		
407	19006	1	1010002	21.303#-28.605#1.483				1#2		0.3#0.6		
408	19006	1	1010002	21.303#-28.605#-31.942				1#2		0.3#0.6		
409	19007	1	1010003	1.562#-28.605#-42.141				1#2		0.3#0.6		
410	19008	1	1010004	-36.133#-28.605#-22.047				1#2		0.3#0.6		
411	19008	1	1010004	-36.133#-28.605#10.696				1#2		0.3#0.6		
412	19008	1	1010004	21.303#-28.605#1.483				1#2		0.3#0.6		
413	19008	1	1010004	21.303#-28.605#-31.942				1#2		0.3#0.6		
414	19009	1	1010004	-36.133#-28.605#-22.047				1#2		0.3#0.6		
415	19009	1	1010004	-36.133#-28.605#10.696				1#2		0.3#0.6		
416	19009	1	1010004	21.303#-28.605#1.483				1#2		0.3#0.6		
417	19009	1	1010004	21.303#-28.605#-31.942				1#2		0.3#0.6		
418	19010	1	1010004	-36.133#-28.605#-22.047				1#2		0.3#0.6		
419	19010	1	1010004	-36.133#-28.605#10.696				1#2		0.3#0.6		
420	19010	1	1010004	21.303#-28.605#1.483				1#2		0.3#0.6		
421	19010	1	1010004	21.303#-28.605#-31.942				1#2		0.3#0.6		
422	19011	1	1010004	-36.133#-28.605#-22.047				1#2		0.3#0.6		
423	19011	1	1010004	-36.133#-28.605#10.696				1#2		0.3#0.6		
424	19011	1	1010004	21.303#-28.605#1.483				1#2		0.3#0.6		
425	19011	1	1010004	21.303#-28.605#-31.942				1#2		0.3#0.6		
426	19012	1	1010004	-36.133#-28.605#-22.047				1#2		0.3#0.6		
427	19012	1	1010004	-36.133#-28.605#10.696				1#2		0.3#0.6		
428	19012	1	1010004	21.303#-28.605#1.483				1#2		0.3#0.6		
429	19012	1	1010004	21.303#-28.605#-31.942				1#2		0.3#0.6		
430	19013	1	1010005	1.562#-28.605#-42.141			1	1#2		0.3#0.6		
431	20001	1	2001001	1.562#-28.605#-42.141				1#2		0.3#0.6		
432	20002	1	2001002	-36.133#-28.605#-22.047				1#2		0.3#0.6		
433	20002	1	2001002	-36.133#-28.605#10.696				1#2		0.3#0.6		
434	20002	1	2001002	21.303#-28.605#1.483				1#2		0.3#0.6		
435	20002	1	2001002	21.303#-28.605#-31.942				1#2		0.3#0.6		
436	20003	1	2001002	-36.133#-28.605#-22.047				1#2		0.3#0.6		
437	20003	1	2001002	-36.133#-28.605#10.696				1#2		0.3#0.6		
438	20003	1	2001002	21.303#-28.605#1.483				1#2		0.3#0.6		
439	20003	1	2001002	21.303#-28.605#-31.942				1#2		0.3#0.6		
440	20004	1	2001002	-36.133#-28.605#-22.047				1#2		0.3#0.6		
441	20004	1	2001002	-36.133#-28.605#10.696				1#2		0.3#0.6		
442	20004	1	2001002	21.303#-28.605#1.483				1#2		0.3#0.6		
443	20004	1	2001002	21.303#-28.605#-31.942				1#2		0.3#0.6		
444	20005	1	2001002	-36.133#-28.605#-22.047				1#2		0.3#0.6		
445	20005	1	2001002	-36.133#-28.605#10.696				1#2		0.3#0.6		
446	20005	1	2001002	21.303#-28.605#1.483				1#2		0.3#0.6		
447	20005	1	2001002	21.303#-28.605#-31.942				1#2		0.3#0.6		
448	20006	1	2001002	-36.133#-28.605#-22.047				1#2		0.3#0.6		
449	20006	1	2001002	-36.133#-28.605#10.696				1#2		0.3#0.6		
450	20006	1	2001002	21.303#-28.605#1.483				1#2		0.3#0.6		
451	20006	1	2001002	21.303#-28.605#-31.942				1#2		0.3#0.6		
452	20007	1	2001003	1.562#-28.605#-42.141				1#2		0.3#0.6		
453	20008	1	2001004	-36.133#-28.605#-22.047				1#2		0.3#0.6		
454	20008	1	2001004	-36.133#-28.605#10.696				1#2		0.3#0.6		
455	20008	1	2001004	21.303#-28.605#1.483				1#2		0.3#0.6		
456	20008	1	2001004	21.303#-28.605#-31.942				1#2		0.3#0.6		
457	20009	1	2001004	-36.133#-28.605#-22.047				1#2		0.3#0.6		
458	20009	1	2001004	-36.133#-28.605#10.696				1#2		0.3#0.6		
459	20009	1	2001004	21.303#-28.605#1.483				1#2		0.3#0.6		
460	20009	1	2001004	21.303#-28.605#-31.942				1#2		0.3#0.6		
461	20010	1	2001004	-36.133#-28.605#-22.047				1#2		0.3#0.6		
462	20010	1	2001004	-36.133#-28.605#10.696				1#2		0.3#0.6		
463	20010	1	2001004	21.303#-28.605#1.483				1#2		0.3#0.6		
464	20010	1	2001004	21.303#-28.605#-31.942				1#2		0.3#0.6		
465	20011	1	2001004	-36.133#-28.605#-22.047				1#2		0.3#0.6		
466	20011	1	2001004	-36.133#-28.605#10.696				1#2		0.3#0.6		
467	20011	1	2001004	21.303#-28.605#1.483				1#2		0.3#0.6		
468	20011	1	2001004	21.303#-28.605#-31.942				1#2		0.3#0.6		
469	20012	1	2001004	-36.133#-28.605#-22.047				1#2		0.3#0.6		
470	20012	1	2001004	-36.133#-28.605#10.696				1#2		0.3#0.6		
471	20012	1	2001004	21.303#-28.605#1.483				1#2		0.3#0.6		
472	20012	1	2001004	21.303#-28.605#-31.942				1#2		0.3#0.6		
473	20013	1	2001005	1.562#-28.605#-42.141			1	1#2		0.3#0.6		
474	21001	1	2002001	1.562#-28.605#-42.141				1#2		0.3#0.6		
475	21002	1	2002002	-36.133#-28.605#-22.047				1#2		0.3#0.6		
476	21002	1	2002002	-36.133#-28.605#10.696				1#2		0.3#0.6		
477	21002	1	2002002	21.303#-28.605#1.483				1#2		0.3#0.6		
478	21002	1	2002002	21.303#-28.605#-31.942				1#2		0.3#0.6		
479	21003	1	2002002	-36.133#-28.605#-22.047				1#2		0.3#0.6		
480	21003	1	2002002	-36.133#-28.605#10.696				1#2		0.3#0.6		
481	21003	1	2002002	21.303#-28.605#1.483				1#2		0.3#0.6		
482	21003	1	2002002	21.303#-28.605#-31.942				1#2		0.3#0.6		
483	21004	1	2002002	-36.133#-28.605#-22.047				1#2		0.3#0.6		
484	21004	1	2002002	-36.133#-28.605#10.696				1#2		0.3#0.6		
485	21004	1	2002002	21.303#-28.605#1.483				1#2		0.3#0.6		
486	21004	1	2002002	21.303#-28.605#-31.942				1#2		0.3#0.6		
487	21005	1	2002002	-36.133#-28.605#-22.047				1#2		0.3#0.6		
488	21005	1	2002002	-36.133#-28.605#10.696				1#2		0.3#0.6		
489	21005	1	2002002	21.303#-28.605#1.483				1#2		0.3#0.6		
490	21005	1	2002002	21.303#-28.605#-31.942				1#2		0.3#0.6		
491	21006	1	2002002	-36.133#-28.605#-22.047				1#2		0.3#0.6		
492	21006	1	2002002	-36.133#-28.605#10.696				1#2		0.3#0.6		
493	21006	1	2002002	21.303#-28.605#1.483				1#2		0.3#0.6		
494	21006	1	2002002	21.303#-28.605#-31.942				1#2		0.3#0.6		
495	21007	1	2002003	1.562#-28.605#-42.141				1#2		0.3#0.6		
496	21008	1	2002004	-36.133#-28.605#-22.047				1#2		0.3#0.6		
497	21008	1	2002004	-36.133#-28.605#10.696				1#2		0.3#0.6		
498	21008	1	2002004	21.303#-28.605#1.483				1#2		0.3#0.6		
499	21008	1	2002004	21.303#-28.605#-31.942				1#2		0.3#0.6		
500	21009	1	2002004	-36.133#-28.605#-22.047				1#2		0.3#0.6		
501	21009	1	2002004	-36.133#-28.605#10.696				1#2		0.3#0.6		
502	21009	1	2002004	21.303#-28.605#1.483				1#2		0.3#0.6		
503	21009	1	2002004	21.303#-28.605#-31.942				1#2		0.3#0.6		
504	21010	1	2002004	-36.133#-28.605#-22.047				1#2		0.3#0.6		
505	21010	1	2002004	-36.133#-28.605#10.696				1#2		0.3#0.6		
506	21010	1	2002004	21.303#-28.605#1.483				1#2		0.3#0.6		
507	21010	1	2002004	21.303#-28.605#-31.942				1#2		0.3#0.6		
508	21011	1	2002004	-36.133#-28.605#-22.047				1#2		0.3#0.6		
509	21011	1	2002004	-36.133#-28.605#10.696				1#2		0.3#0.6		
510	21011	1	2002004	21.303#-28.605#1.483				1#2		0.3#0.6		
511	21011	1	2002004	21.303#-28.605#-31.942				1#2		0.3#0.6		
512	21012	1	2002004	-36.133#-28.605#-22.047				1#2		0.3#0.6		
513	21012	1	2002004	-36.133#-28.605#10.696				1#2		0.3#0.6		
514	21012	1	2002004	21.303#-28.605#1.483				1#2		0.3#0.6		
515	21012	1	2002004	21.303#-28.605#-31.942				1#2		0.3#0.6		
516	21013	1	2002005	1.562#-28.605#-42.141			1	1#2		0.3#0.6		
517	22001	1	2003001	1.562#-28.605#-42.141				1#2		0.3#0.6		
518	22002	1	2003002	-36.133#-28.605#-22.047				1#2		0.3#0.6		
519	22002	1	2003002	-36.133#-28.605#10.696				1#2		0.3#0.6		
520	22002	1	2003002	21.303#-28.605#1.483				1#2		0.3#0.6		
521	22002	1	2003002	21.303#-28.605#-31.942				1#2		0.3#0.6		
522	22003	1	2003002	-36.133#-28.605#-22.047				1#2		0.3#0.6		
523	22003	1	2003002	-36.133#-28.605#10.696				1#2		0.3#0.6		
524	22003	1	2003002	21.303#-28.605#1.483				1#2		0.3#0.6		
525	22003	1	2003002	21.303#-28.605#-31.942				1#2		0.3#0.6		
526	22004	1	2003002	-36.133#-28.605#-22.047				1#2		0.3#0.6		
527	22004	1	2003002	-36.133#-28.605#10.696				1#2		0.3#0.6		
528	22004	1	2003002	21.303#-28.605#1.483				1#2		0.3#0.6		
529	22004	1	2003002	21.303#-28.605#-31.942				1#2		0.3#0.6		
530	22005	1	2003002	-36.133#-28.605#-22.047				1#2		0.3#0.6		
531	22005	1	2003002	-36.133#-28.605#10.696				1#2		0.3#0.6		
532	22005	1	2003002	21.303#-28.605#1.483				1#2		0.3#0.6		
533	22005	1	2003002	21.303#-28.605#-31.942				1#2		0.3#0.6		
534	22006	1	2003002	-36.133#-28.605#-22.047				1#2		0.3#0.6		
535	22006	1	2003002	-36.133#-28.605#10.696				1#2		0.3#0.6		
536	22006	1	2003002	21.303#-28.605#1.483				1#2		0.3#0.6		
537	22006	1	2003002	21.303#-28.605#-31.942				1#2		0.3#0.6		
538	22007	1	2003003	1.562#-28.605#-42.141				1#2		0.3#0.6		
539	22008	1	2003004	-36.133#-28.605#-22.047				1#2		0.3#0.6		
540	22008	1	2003004	-36.133#-28.605#10.696				1#2		0.3#0.6		
541	22008	1	2003004	21.303#-28.605#1.483				1#2		0.3#0.6		
542	22008	1	2003004	21.303#-28.605#-31.942				1#2		0.3#0.6		
543	22009	1	2003004	-36.133#-28.605#-22.047				1#2		0.3#0.6		
544	22009	1	2003004	-36.133#-28.605#10.696				1#2		0.3#0.6		
545	22009	1	2003004	21.303#-28.605#1.483				1#2		0.3#0.6		
546	22009	1	2003004	21.303#-28.605#-31.942				1#2		0.3#0.6		
547	22010	1	2003004	-36.133#-28.605#-22.047				1#2		0.3#0.6		
548	22010	1	2003004	-36.133#-28.605#10.696				1#2		0.3#0.6		
549	22010	1	2003004	21.303#-28.605#1.483				1#2		0.3#0.6		
550	22010	1	2003004	21.303#-28.605#-31.942				1#2		0.3#0.6		
551	22011	1	2003004	-36.133#-28.605#-22.047				1#2		0.3#0.6		
552	22011	1	2003004	-36.133#-28.605#10.696				1#2		0.3#0.6		
553	22011	1	2003004	21.303#-28.605#1.483				1#2		0.3#0.6		
554	22011	1	2003004	21.303#-28.605#-31.942				1#2		0.3#0.6		
555	22012	1	2003004	-36.133#-28.605#-22.047				1#2		0.3#0.6		
556	22012	1	2003004	-36.133#-28.605#10.696				1#2		0.3#0.6		
557	22012	1	2003004	21.303#-28.605#1.483				1#2		0.3#0.6		
558	22012	1	2003004	21.303#-28.605#-31.942				1#2		0.3#0.6		
559	22013	1	2003005	1.562#-28.605#-42.141			1	1#2		0.3#0.6		
560	23001	1	2004001	1.562#-28.605#-42.141				1#2		0.3#0.6		
561	23002	1	2004002	-36.133#-28.605#-22.047				1#2		0.3#0.6		
562	23002	1	2004002	-36.133#-28.605#10.696				1#2		0.3#0.6		
563	23002	1	2004002	21.303#-28.605#1.483				1#2		0.3#0.6		
564	23002	1	2004002	21.303#-28.605#-31.942				1#2		0.3#0.6		
565	23003	1	2004002	-36.133#-28.605#-22.047				1#2		0.3#0.6		
566	23003	1	2004002	-36.133#-28.605#10.696				1#2		0.3#0.6		
567	23003	1	2004002	21.303#-28.605#1.483				1#2		0.3#0.6		
568	23003	1	2004002	21.303#-28.605#-31.942				1#2		0.3#0.6		
569	23004	1	2004002	-36.133#-28.605#-22.047				1#2		0.3#0.6		
570	23004	1	2004002	-36.133#-28.605#10.696				1#2		0.3#0.6		
571	23004	1	2004002	21.303#-28.605#1.483				1#2		0.3#0.6		
572	23004	1	2004002	21.303#-28.605#-31.942				1#2		0.3#0.6		
573	23005	1	2004002	-36.133#-28.605#-22.047				1#2		0.3#0.6		
574	23005	1	2004002	-36.133#-28.605#10.696				1#2		0.3#0.6		
575	23005	1	2004002	21.303#-28.605#1.483				1#2		0.3#0.6		
576	23005	1	2004002	21.303#-28.605#-31.942				1#2		0.3#0.6		
577	23006	1	2004002	-36.133#-28.605#-22.047				1#2		0.3#0.6		
578	23006	1	2004002	-36.133#-28.605#10.696				1#2		0.3#0.6		
579	23006	1	2004002	21.303#-28.605#1.483				1#2		0.3#0.6		
580	23006	1	2004002	21.303#-28.605#-31.942				1#2		0.3#0.6		
581	23007	1	2004003	1.562#-28.605#-42.141				1#2		0.3#0.6		
582	23008	1	2004004	-36.133#-28.605#-22.047				1#2		0.3#0.6		
583	23008	1	2004004	-36.133#-28.605#10.696				1#2		0.3#0.6		
584	23008	1	2004004	21.303#-28.605#1.483				1#2		0.3#0.6		
585	23008	1	2004004	21.303#-28.605#-31.942				1#2		0.3#0.6		
586	23009	1	2004004	-36.133#-28.605#-22.047				1#2		0.3#0.6		
587	23009	1	2004004	-36.133#-28.605#10.696				1#2		0.3#0.6		
588	23009	1	2004004	21.303#-28.605#1.483				1#2		0.3#0.6		
589	23009	1	2004004	21.303#-28.605#-31.942				1#2		0.3#0.6		
590	23010	1	2004004	-36.133#-28.605#-22.047				1#2		0.3#0.6		
591	23010	1	2004004	-36.133#-28.605#10.696				1#2		0.3#0.6		
592	23010	1	2004004	21.303#-28.605#1.483				1#2		0.3#0.6		
593	23010	1	2004004	21.303#-28.605#-31.942				1#2		0.3#0.6		
594	23011	1	2004004	-36.133#-28.605#-22.047				1#2		0.3#0.6		
595	23011	1	2004004	-36.133#-28.605#10.696				1#2		0.3#0.6		
596	23011	1	2004004	21.303#-28.605#1.483				1#2		0.3#0.6		
597	23011	1	2004004	21.303#-28.605#-31.942				1#2		0.3#0.6		
598	23012	1	2004004	-36.133#-28.605#-22.047				1#2		0.3#0.6		
599	23012	1	2004004	-36.133#-28.605#10.696				1#2		0.3#0.6		
600	23012	1	2004004	21.303#-28.605#1.483				1#2		0.3#0.6		
601	23012	1	2004004	21.303#-28.605#-31.942				1#2		0.3#0.6		
602	23013	1	2004005	1.562#-28.605#-42.141			1	1#2		0.3#0.6		
603	24001	1	2005001	1.562#-28.605#-42.141				1#2		0.3#0.6		
604	24002	1	2005002	-36.133#-28.605#-22.047				1#2		0.3#0.6		
605	24002	1	2005002	-36.133#-28.605#10.696				1#2		0.3#0.6		
606	24002	1	2005002	21.303#-28.605#1.483				1#2		0.3#0.6		
607	24002	1	2005002	21.303#-28.605#-31.942				1#2		0.3#0.6		
608	24003	1	2005002	-36.133#-28.605#-22.047				1#2		0.3#0.6		
609	24003	1	2005002	-36.133#-28.605#10.696				1#2		0.3#0.6		
610	24003	1	2005002	21.303#-28.605#1.483				1#2		0.3#0.6		
611	24003	1	2005002	21.303#-28.605#-31.942				1#2		0.3#0.6		
612	24004	1	2005002	-36.133#-28.605#-22.047				1#2		0.3#0.6		
613	24004	1	2005002	-36.133#-28.605#10.696				1#2		0.3#0.6		
614	24004	1	2005002	21.303#-28.605#1.483				1#2		0.3#0.6		
615	24004	1	2005002	21.303#-28.605#-31.942				1#2		0.3#0.6		
616	24005	1	2005002	-36.133#-28.605#-22.047				1#2		0.3#0.6		
617	24005	1	2005002	-36.133#-28.605#10.696				1#2		0.3#0.6		
618	24005	1	2005002	21.303#-28.605#1.483				1#2		0.3#0.6		
619	24005	1	2005002	21.303#-28.605#-31.942				1#2		0.3#0.6		
620	24006	1	2005002	-36.133#-28.605#-22.047				1#2		0.3#0.6		
621	24006	1	2005002	-36.133#-28.605#10.696				1#2		0.3#0.6		
622	24006	1	2005002	21.303#-28.605#1.483				1#2		0.3#0.6		
623	24006	1	2005002	21.303#-28.605#-31.942				1#2		0.3#0.6		
624	24007	1	2005003	1.562#-28.605#-42.141				1#2		0.3#0.6		
625	24008	1	2005004	-36.133#-28.605#-22.047				1#2		0.3#0.6		
626	24008	1	2005004	-36.133#-28.605#10.696				1#2		0.3#0.6		
627	24008	1	2005004	21.303#-28.605#1.483				1#2		0.3#0.6		
628	24008	1	2005004	21.303#-28.605#-31.942				1#2		0.3#0.6		
629	24009	1	2005004	-36.133#-28.605#-22.047				1#2		0.3#0.6		
630	24009	1	2005004	-36.133#-28.605#10.696				1#2		0.3#0.6		
631	24009	1	2005004	21.303#-28.605#1.483				1#2		0.3#0.6		
632	24009	1	2005004	21.303#-28.605#-31.942				1#2		0.3#0.6		
633	24010	1	2005004	-36.133#-28.605#-22.047				1#2		0.3#0.6		
634	24010	1	2005004	-36.133#-28.605#10.696				1#2		0.3#0.6		
635	24010	1	2005004	21.303#-28.605#1.483				1#2		0.3#0.6		
636	24010	1	2005004	21.303#-28.605#-31.942				1#2		0.3#0.6		
637	24011	1	2005004	-36.133#-28.605#-22.047				1#2		0.3#0.6		
638	24011	1	2005004	-36.133#-28.605#10.696				1#2		0.3#0.6		
639	24011	1	2005004	21.303#-28.605#1.483				1#2		0.3#0.6		
640	24011	1	2005004	21.303#-28.605#-31.942				1#2		0.3#0.6		
641	24012	1	2005004	-36.133#-28.605#-22.047				1#2		0.3#0.6		
642	24012	1	2005004	-36.133#-28.605#10.696				1#2		0.3#0.6		
643	24012	1	2005004	21.303#-28.605#1.483				1#2		0.3#0.6		
644	24012	1	2005004	21.303#-28.605#-31.942				1#2		0.3#0.6		
645	24013	1	2005005	1.562#-28.605#-42.141			1	1#2		0.3#0.6		
646	25001	1	2006001	1.562#-28.605#-42.141				1#2		0.3#0.6		
647	25002	1	2006002	-36.133#-28.605#-22.047				1#2		0.3#0.6		
648	25002	1	2006002	-36.133#-28.605#10.696				1#2		0.3#0.6		
649	25002	1	2006002	21.303#-28.605#1.483				1#2		0.3#0.6		
650	25002	1	2006002	21.303#-28.605#-31.942				1#2		0.3#0.6		
651	25003	1	2006002	-36.133#-28.605#-22.047				1#2		0.3#0.6		
652	25003	1	2006002	-36.133#-28.605#10.696				1#2		0.3#0.6		
653	25003	1	2006002	21.303#-28.605#1.483				1#2		0.3#0.6		
654	25003	1	2006002	21.303#-28.605#-31.942				1#2		0.3#0.6		
655	25004	1	2006002	-36.133#-28.605#-22.047				1#2		0.3#0.6		
656	25004	1	2006002	-36.133#-28.605#10.696				1#2		0.3#0.6		
657	25004	1	2006002	21.303#-28.605#1.483				1#2		0.3#0.6		
658	25004	1	2006002	21.303#-28.605#-31.942				1#2		0.3#0.6		
659	25005	1	2006002	-36.133#-28.605#-22.047				1#2		0.3#0.6		
660	25005	1	2006002	-36.133#-28.605#10.696				1#2		0.3#0.6		
661	25005	1	2006002	21.303#-28.605#1.483				1#2		0.3#0.6		
662	25005	1	2006002	21.303#-28.605#-31.942				1#2		0.3#0.6		
663	25006	1	2006002	-36.133#-28.605#-22.047				1#2		0.3#0.6		
664	25006	1	2006002	-36.133#-28.605#10.696				1#2		0.3#0.6		
665	25006	1	2006002	21.303#-28.605#1.483				1#2		0.3#0.6		
666	25006	1	2006002	21.303#-28.605#-31.942				1#2		0.3#0.6		
667	25007	1	2006003	1.562#-28.605#-42.141				1#2		0.3#0.6		
668	25008	1	2006004	-36.133#-28.605#-22.047				1#2		0.3#0.6		
669	25008	1	2006004	-36.133#-28.605#10.696				1#2		0.3#0.6		
670	25008	1	2006004	21.303#-28.605#1.483				1#2		0.3#0.6		
671	25008	1	2006004	21.303#-28.605#-31.942				1#2		0.3#0.6		
672	25009	1	2006004	-36.133#-28.605#-22.047				1#2		0.3#0.6		
673	25009	1	2006004	-36.133#-28.605#10.696				1#2		0.3#0.6		
674	25009	1	2006004	21.303#-28.605#1.483				1#2		0.3#0.6		
675	25009	1	2006004	21.303#-28.605#-31.942				1#2		0.3#0.6		
676	25010	1	2006004	-36.133#-28.605#-22.047				1#2		0.3#0.6		
677	25010	1	2006004	-36.133#-28.605#10.696				1#2		0.3#0.6		
678	25010	1	2006004	21.303#-28.605#1.483				1#2		0.3#0.6		
679	25010	1	2006004	21.303#-28.605#-31.942				1#2		0.3#0.6		
680	25011	1	2006004	-36.133#-28.605#-22.047				1#2		0.3#0.6		
681	25011	1	2006004	-36.133#-28.605#10.696				1#2		0.3#0.6		
682	25011	1	2006004	21.303#-28.605#1.483				1#2		0.3#0.6		
683	25011	1	2006004	21.303#-28.605#-31.942				1#2		0.3#0.6		
684	25012	1	2006004	-36.133#-28.605#-22.047				1#2		0.3#0.6		
685	25012	1	2006004	-36.133#-28.605#10.696				1#2		0.3#0.6		
686	25012	1	2006004	21.303#-28.605#1.483				1#2		0.3#0.6		
687	25012	1	2006004	21.303#-28.605#-31.942				1#2		0.3#0.6		
688	25013	1	2006005	1.562#-28.605#-42.141			1	1#2		0.3#0.6		
689	26001	1	2007001	1.562#-28.605#-42.141				1#2		0.3#0.6		
690	26002	1	2007002	-36.133#-28.605#-22.047				1#2		0.3#0.6		
691	26002	1	2007002	-36.133#-28.605#10.696				1#2		0.3#0.6		
692	26002	1	2007002	21.303#-28.605#1.483				1#2		0.3#0.6		
693	26002	1	2007002	21.303#-28.605#-31.942				1#2		0.3#0.6		
694	26003	1	2007002	-36.133#-28.605#-22.047				1#2		0.3#0.6		
695	26003	1	2007002	-36.133#-28.605#10.696				1#2		0.3#0.6		
696	26003	1	2007002	21.303#-28.605#1.483				1#2		0.3#0.6		
697	26003	1	2007002	21.303#-28.605#-31.942				1#2		0.3#0.6		
698	26004	1	2007002	-36.133#-28.605#-22.047				1#2		0.3#0.6		
699	26004	1	2007002	-36.133#-28.605#10.696				1#2		0.3#0.6		
700	26004	1	2007002	21.303#-28.605#1.483				1#2		0.3#0.6		
701	26004	1	2007002	21.303#-28.605#-31.942				1#2		0.3#0.6		
702	26005	1	2007002	-36.133#-28.605#-22.047				1#2		0.3#0.6		
703	26005	1	2007002	-36.133#-28.605#10.696				1#2		0.3#0.6		
704	26005	1	2007002	21.303#-28.605#1.483				1#2		0.3#0.6		
705	26005	1	2007002	21.303#-28.605#-31.942				1#2		0.3#0.6		
706	26006	1	2007002	-36.133#-28.605#-22.047				1#2		0.3#0.6		
707	26006	1	2007002	-36.133#-28.605#10.696				1#2		0.3#0.6		
708	26006	1	2007002	21.303#-28.605#1.483				1#2		0.3#0.6		
709	26006	1	2007002	21.303#-28.605#-31.942				1#2		0.3#0.6		
710	26007	1	2007003	1.562#-28.605#-42.141				1#2		0.3#0.6		
711	26008	1	2007004	-36.133#-28.605#-22.047				1#2		0.3#0.6		
712	26008	1	2007004	-36.133#-28.605#10.696				1#2		0.3#0.6		
713	26008	1	2007004	21.303#-28.605#1.483				1#2		0.3#0.6		
714	26008	1	2007004	21.303#-28.605#-31.942				1#2		0.3#0.6		
715	26009	1	2007004	-36.133#-28.605#-22.047				1#2		0.3#0.6		
716	26009	1	2007004	-36.133#-28.605#10.696				1#2		0.3#0.6		
717	26009	1	2007004	21.303#-28.605#1.483				1#2		0.3#0.6		
718	26009	1	2007004	21.303#-28.605#-31.942				1#2		0.3#0.6		
719	26010	1	2007004	-36.133#-28.605#-22.047				1#2		0.3#0.6		
720	26010	1	2007004	-36.133#-28.605#10.696				1#2		0.3#0.6		
721	26010	1	2007004	21.303#-28.605#1.483				1#2		0.3#0.6		
722	26010	1	2007004	21.303#-28.605#-31.942				1#2		0.3#0.6		
723	26011	1	2007004	-36.133#-28.605#-22.047				1#2		0.3#0.6		
724	26011	1	2007004	-36.133#-28.605#10.696				1#2		0.3#0.6		
725	26011	1	2007004	21.303#-28.605#1.483				1#2		0.3#0.6		
726	26011	1	2007004	21.303#-28.605#-31.942				1#2		0.3#0.6		
727	26012	1	2007004	-36.133#-28.605#-22.047				1#2		0.3#0.6		
728	26012	1	2007004	-36.133#-28.605#10.696				1#2		0.3#0.6		
729	26012	1	2007004	21.303#-28.605#1.483				1#2		0.3#0.6		
730	26012	1	2007004	21.303#-28.605#-31.942				1#2		0.3#0.6		
731	26013	1	2007005	1.562#-28.605#-42.141			1	1#2		0.3#0.6		
732	27001	1	2008001	1.562#-28.605#-42.141				1#2		0.3#0.6		
733	27002	1	2008002	-36.133#-28.605#-22.047				1#2		0.3#0.6		
734	27002	1	2008002	-36.133#-28.605#10.696				1#2		0.3#0.6		
735	27002	1	2008002	21.303#-28.605#1.483				1#2		0.3#0.6		
736	27002	1	2008002	21.303#-28.605#-31.942				1#2		0.3#0.6		
737	27003	1	2008002	-36.133#-28.605#-22.047				1#2		0.3#0.6		
738	27003	1	2008002	-36.133#-28.605#10.696				1#2		0.3#0.6		
739	27003	1	2008002	21.303#-28.605#1.483				1#2		0.3#0.6		
740	27003	1	2008002	21.303#-28.605#-31.942				1#2		0.3#0.6		
741	27004	1	2008002	-36.133#-28.605#-22.047				1#2		0.3#0.6		
742	27004	1	2008002	-36.133#-28.605#10.696				1#2		0.3#0.6		
743	27004	1	2008002	21.303#-28.605#1.483				1#2		0.3#0.6		
744	27004	1	2008002	21.303#-28.605#-31.942				1#2		0.3#0.6		
745	27005	1	2008002	-36.133#-28.605#-22.047				1#2		0.3#0.6		
746	27005	1	2008002	-36.133#-28.605#10.696				1#2		0.3#0.6		
747	27005	1	2008002	21.303#-28.605#1.483				1#2		0.3#0.6		
748	27005	1	2008002	21.303#-28.605#-31.942				1#2		0.3#0.6		
749	27006	1	2008002	-36.133#-28.605#-22.047				1#2		0.3#0.6		
750	27006	1	2008002	-36.133#-28.605#10.696				1#2		0.3#0.6		
751	27006	1	2008002	21.303#-28.605#1.483				1#2		0.3#0.6		
752	27006	1	2008002	21.303#-28.605#-31.942				1#2		0.3#0.6		
753	27007	1	2008003	1.562#-28.605#-42.141				1#2		0.3#0.6		
754	27008	1	2008004	-36.133#-28.605#-22.047				1#2		0.3#0.6		
755	27008	1	2008004	-36.133#-28.605#10.696				1#2		0.3#0.6		
756	27008	1	2008004	21.303#-28.605#1.483				1#2		0.3#0.6		
757	27008	1	2008004	21.303#-28.605#-31.942				1#2		0.3#0.6		
758	27009	1	2008004	-36.133#-28.605#-22.047				1#2		0.3#0.6		
759	27009	1	2008004	-36.133#-28.605#10.696				1#2		0.3#0.6		
760	27009	1	2008004	21.303#-28.605#1.483				1#2		0.3#0.6		
761	27009	1	2008004	21.303#-28.605#-31.942				1#2		0.3#0.6		
762	27010	1	2008004	-36.133#-28.605#-22.047				1#2		0.3#0.6		
763	27010	1	2008004	-36.133#-28.605#10.696				1#2		0.3#0.6		
764	27010	1	2008004	21.303#-28.605#1.483				1#2		0.3#0.6		
765	27010	1	2008004	21.303#-28.605#-31.942				1#2		0.3#0.6		
766	27011	1	2008004	-36.133#-28.605#-22.047				1#2		0.3#0.6		
767	27011	1	2008004	-36.133#-28.605#10.696				1#2		0.3#0.6		
768	27011	1	2008004	21.303#-28.605#1.483				1#2		0.3#0.6		
769	27011	1	2008004	21.303#-28.605#-31.942				1#2		0.3#0.6		
770	27012	1	2008004	-36.133#-28.605#-22.047				1#2		0.3#0.6		
771	27012	1	2008004	-36.133#-28.605#10.696				1#2		0.3#0.6		
772	27012	1	2008004	21.303#-28.605#1.483				1#2		0.3#0.6		
773	27012	1	2008004	21.303#-28.605#-31.942				1#2		0.3#0.6		
774	27013	1	2008005	1.562#-28.605#-42.141			1	1#2		0.3#0.6		
775	28001	1	2009001	1.562#-28.605#-42.141				1#2		0.3#0.6		
776	28002	1	2009002	-36.133#-28.605#-22.047				1#2		0.3#0.6		
777	28002	1	2009002	-36.133#-28.605#10.696				1#2		0.3#0.6		
778	28002	1	2009002	21.303#-28.605#1.483				1#2		0.3#0.6		
779	28002	1	2009002	21.303#-28.605#-31.942				1#2		0.3#0.6		
780	28003	1	2009002	-36.133#-28.605#-22.047				1#2		0.3#0.6		
781	28003	1	2009002	-36.133#-28.605#10.696				1#2		0.3#0.6		
782	28003	1	2009002	21.303#-28.605#1.483				1#2		0.3#0.6		
783	28003	1	2009002	21.303#-28.605#-31.942				1#2		0.3#0.6		
784	28004	1	2009002	-36.133#-28.605#-22.047				1#2		0.3#0.6		
785	28004	1	2009002	-36.133#-28.605#10.696				1#2		0.3#0.6		
786	28004	1	2009002	21.303#-28.605#1.483				1#2		0.3#0.6		
787	28004	1	2009002	21.303#-28.605#-31.942				1#2		0.3#0.6		
788	28005	1	2009002	-36.133#-28.605#-22.047				1#2		0.3#0.6		
789	28005	1	2009002	-36.133#-28.605#10.696				1#2		0.3#0.6		
790	28005	1	2009002	21.303#-28.605#1.483				1#2		0.3#0.6		
791	28005	1	2009002	21.303#-28.605#-31.942				1#2		0.3#0.6		
792	28006	1	2009002	-36.133#-28.605#-22.047				1#2		0.3#0.6		
793	28006	1	2009002	-36.133#-28.605#10.696				1#2		0.3#0.6		
794	28006	1	2009002	21.303#-28.605#1.483				1#2		0.3#0.6		
795	28006	1	2009002	21.303#-28.605#-31.942				1#2		0.3#0.6		
796	28007	1	2009003	1.562#-28.605#-42.141				1#2		0.3#0.6		
797	28008	1	2009004	-36.133#-28.605#-22.047				1#2		0.3#0.6		
798	28008	1	2009004	-36.133#-28.605#10.696				1#2		0.3#0.6		
799	28008	1	2009004	21.303#-28.605#1.483				1#2		0.3#0.6		
800	28008	1	2009004	21.303#-28.605#-31.942				1#2		0.3#0.6		
801	28009	1	2009004	-36.133#-28.605#-22.047				1#2		0.3#0.6		
802	28009	1	2009004	-36.133#-28.605#10.696				1#2		0.3#0.6		
803	28009	1	2009004	21.303#-28.605#1.483				1#2		0.3#0.6		
804	28009	1	2009004	21.303#-28.605#-31.942				1#2		0.3#0.6		
805	28010	1	2009004	-36.133#-28.605#-22.047				1#2		0.3#0.6		
806	28010	1	2009004	-36.133#-28.605#10.696				1#2		0.3#0.6		
807	28010	1	2009004	21.303#-28.605#1.483				1#2		0.3#0.6		
808	28010	1	2009004	21.303#-28.605#-31.942				1#2		0.3#0.6		
809	28011	1	2009004	-36.133#-28.605#-22.047				1#2		0.3#0.6		
810	28011	1	2009004	-36.133#-28.605#10.696				1#2		0.3#0.6		
811	28011	1	2009004	21.303#-28.605#1.483				1#2		0.3#0.6		
812	28011	1	2009004	21.303#-28.605#-31.942				1#2		0.3#0.6		
813	28012	1	2009004	-36.133#-28.605#-22.047				1#2		0.3#0.6		
814	28012	1	2009004	-36.133#-28.605#10.696				1#2		0.3#0.6		
815	28012	1	2009004	21.303#-28.605#1.483				1#2		0.3#0.6		
816	28012	1	2009004	21.303#-28.605#-31.942				1#2		0.3#0.6		
817	28013	1	2009005	1.562#-28.605#-42.141			1	1#2		0.3#0.6		
818	29001	1	2010001	1.562#-28.605#-42.141				1#2		0.3#0.6		
819	29002	1	2010002	-36.133#-28.605#-22.047				1#2		0.3#0.6		
820	29002	1	2010002	-36.133#-28.605#10.696				1#2		0.3#0.6		
821	29002	1	2010002	21.303#-28.605#1.483				1#2		0.3#0.6		
822	29002	1	2010002	21.303#-28.605#-31.942				1#2		0.3#0.6		
823	29003	1	2010002	-36.133#-28.605#-22.047				1#2		0.3#0.6		
824	29003	1	2010002	-36.133#-28.605#10.696				1#2		0.3#0.6		
825	29003	1	2010002	21.303#-28.605#1.483				1#2		0.3#0.6		
826	29003	1	2010002	21.303#-28.605#-31.942				1#2		0.3#0.6		
827	29004	1	2010002	-36.133#-28.605#-22.047				1#2		0.3#0.6		
828	29004	1	2010002	-36.133#-28.605#10.696				1#2		0.3#0.6		
829	29004	1	2010002	21.303#-28.605#1.483				1#2		0.3#0.6		
830	29004	1	2010002	21.303#-28.605#-31.942				1#2		0.3#0.6		
831	29005	1	2010002	-36.133#-28.605#-22.047				1#2		0.3#0.6		
832	29005	1	2010002	-36.133#-28.605#10.696				1#2		0.3#0.6		
833	29005	1	2010002	21.303#-28.605#1.483				1#2		0.3#0.6		
834	29005	1	2010002	21.303#-28.605#-31.942				1#2		0.3#0.6		
835	29006	1	2010002	-36.133#-28.605#-22.047				1#2		0.3#0.6		
836	29006	1	2010002	-36.133#-28.605#10.696				1#2		0.3#0.6		
837	29006	1	2010002	21.303#-28.605#1.483				1#2		0.3#0.6		
838	29006	1	2010002	21.303#-28.605#-31.942				1#2		0.3#0.6		
839	29007	1	2010003	1.562#-28.605#-42.141				1#2		0.3#0.6		
840	29008	1	2010004	-36.133#-28.605#-22.047				1#2		0.3#0.6		
841	29008	1	2010004	-36.133#-28.605#10.696				1#2		0.3#0.6		
842	29008	1	2010004	21.303#-28.605#1.483				1#2		0.3#0.6		
843	29008	1	2010004	21.303#-28.605#-31.942				1#2		0.3#0.6		
844	29009	1	2010004	-36.133#-28.605#-22.047				1#2		0.3#0.6		
845	29009	1	2010004	-36.133#-28.605#10.696				1#2		0.3#0.6		
846	29009	1	2010004	21.303#-28.605#1.483				1#2		0.3#0.6		
847	29009	1	2010004	21.303#-28.605#-31.942				1#2		0.3#0.6		
848	29010	1	2010004	-36.133#-28.605#-22.047				1#2		0.3#0.6		
849	29010	1	2010004	-36.133#-28.605#10.696				1#2		0.3#0.6		
850	29010	1	2010004	21.303#-28.605#1.483				1#2		0.3#0.6		
851	29010	1	2010004	21.303#-28.605#-31.942				1#2		0.3#0.6		
852	29011	1	2010004	-36.133#-28.605#-22.047				1#2		0.3#0.6		
853	29011	1	2010004	-36.133#-28.605#10.696				1#2		0.3#0.6		
854	29011	1	2010004	21.303#-28.605#1.483				1#2		0.3#0.6		
855	29011	1	2010004	21.303#-28.605#-31.942				1#2		0.3#0.6		
856	29012	1	2010004	-36.133#-28.605#-22.047				1#2		0.3#0.6		
857	29012	1	2010004	-36.133#-28.605#10.696				1#2		0.3#0.6		
858	29012	1	2010004	21.303#-28.605#1.483				1#2		0.3#0.6		
859	29012	1	2010004	21.303#-28.605#-31.942				1#2		0.3#0.6		
860	29013	1	2010005	1.562#-28.605#-42.141			1	1#2		0.3#0.6		
